run_id,cdc_name,operation_type,api_request_utc,resource_event_utc,e2e_latency_seconds,primary_pod_name,initial_pod_count,final_pod_count,target_pod_count,status,error_details
0c3ee57f-1781-4921-83b1-e4fb46fc3230,e2e-0c3ee57f-0,CREATE,2025-05-08T20:30:38.193702+00:00,2025-05-08T20:30:39.254102+00:00,1.0604,sleevecdc-e2e-0c3ee57f-0-sleeve-sts-0,,1,,SUCCESS,
0c3ee57f-1781-4921-83b1-e4fb46fc3230,e2e-0c3ee57f-1,CREATE,2025-05-08T20:30:38.194755+00:00,2025-05-08T20:30:39.588315+00:00,1.39356,sleevecdc-e2e-0c3ee57f-1-sleeve-sts-0,,1,,SUCCESS,
0c3ee57f-1781-4921-83b1-e4fb46fc3230,e2e-0c3ee57f-2,CREATE,2025-05-08T20:30:38.195563+00:00,2025-05-08T20:30:40.395898+00:00,2.200335,sleevecdc-e2e-0c3ee57f-2-sleeve-sts-0,,1,,SUCCESS,
0c3ee57f-1781-4921-83b1-e4fb46fc3230,e2e-0c3ee57f-3,CREATE,2025-05-08T20:30:38.196657+00:00,2025-05-08T20:30:40.711582+00:00,2.514925,sleevecdc-e2e-0c3ee57f-3-sleeve-sts-0,,1,,SUCCESS,
0c3ee57f-1781-4921-83b1-e4fb46fc3230,e2e-0c3ee57f-12,CREATE,2025-05-08T20:30:38.203702+00:00,2025-05-08T20:30:41.171610+00:00,2.967908,sleevecdc-e2e-0c3ee57f-12-sleeve-sts-0,,1,,SUCCESS,
0c3ee57f-1781-4921-83b1-e4fb46fc3230,e2e-0c3ee57f-4,CREATE,2025-05-08T20:30:38.197618+00:00,2025-05-08T20:30:41.952717+00:00,3.755099,sleevecdc-e2e-0c3ee57f-4-sleeve-sts-0,,1,,SUCCESS,
0c3ee57f-1781-4921-83b1-e4fb46fc3230,e2e-0c3ee57f-8,CREATE,2025-05-08T20:30:38.200737+00:00,2025-05-08T20:30:42.945374+00:00,4.744637,sleevecdc-e2e-0c3ee57f-8-sleeve-sts-0,,1,,SUCCESS,
0c3ee57f-1781-4921-83b1-e4fb46fc3230,e2e-0c3ee57f-11,CREATE,2025-05-08T20:30:38.202807+00:00,2025-05-08T20:30:44.196047+00:00,5.99324,sleevecdc-e2e-0c3ee57f-11-sleeve-sts-0,,1,,SUCCESS,
0c3ee57f-1781-4921-83b1-e4fb46fc3230,e2e-0c3ee57f-6,CREATE,2025-05-08T20:30:38.199223+00:00,2025-05-08T20:30:44.739516+00:00,6.540293,sleevecdc-e2e-0c3ee57f-6-sleeve-sts-0,,1,,SUCCESS,
0c3ee57f-1781-4921-83b1-e4fb46fc3230,e2e-0c3ee57f-13,CREATE,2025-05-08T20:30:38.204357+00:00,2025-05-08T20:30:45.325949+00:00,7.121592,sleevecdc-e2e-0c3ee57f-13-sleeve-sts-0,,1,,SUCCESS,
0c3ee57f-1781-4921-83b1-e4fb46fc3230,e2e-0c3ee57f-5,CREATE,2025-05-08T20:30:38.198335+00:00,2025-05-08T20:30:45.744331+00:00,7.545996,sleevecdc-e2e-0c3ee57f-5-sleeve-sts-0,,1,,SUCCESS,
0c3ee57f-1781-4921-83b1-e4fb46fc3230,e2e-0c3ee57f-10,CREATE,2025-05-08T20:30:38.202202+00:00,2025-05-08T20:30:46.299277+00:00,8.097075,sleevecdc-e2e-0c3ee57f-10-sleeve-sts-0,,1,,SUCCESS,
0c3ee57f-1781-4921-83b1-e4fb46fc3230,e2e-0c3ee57f-7,CREATE,2025-05-08T20:30:38.199911+00:00,2025-05-08T20:30:46.501768+00:00,8.301857,sleevecdc-e2e-0c3ee57f-7-sleeve-sts-0,,1,,SUCCESS,
0c3ee57f-1781-4921-83b1-e4fb46fc3230,e2e-0c3ee57f-9,CREATE,2025-05-08T20:30:38.201400+00:00,2025-05-08T20:30:46.664761+00:00,8.463361,sleevecdc-e2e-0c3ee57f-9-sleeve-sts-0,,1,,SUCCESS,
0c3ee57f-1781-4921-83b1-e4fb46fc3230,e2e-0c3ee57f-14,CREATE,2025-05-08T20:30:38.204498+00:00,2025-05-08T20:30:46.831999+00:00,8.627501,sleevecdc-e2e-0c3ee57f-14-sleeve-sts-0,,1,,SUCCESS,
0c3ee57f-1781-4921-83b1-e4fb46fc3230,e2e-0c3ee57f-15,CREATE,2025-05-08T20:30:38.204643+00:00,2025-05-08T20:30:47.382183+00:00,9.17754,sleevecdc-e2e-0c3ee57f-15-sleeve-sts-0,,1,,SUCCESS,
0c3ee57f-1781-4921-83b1-e4fb46fc3230,e2e-0c3ee57f-16,CREATE,2025-05-08T20:30:38.204702+00:00,2025-05-08T20:30:47.698954+00:00,9.494252,sleevecdc-e2e-0c3ee57f-16-sleeve-sts-0,,1,,SUCCESS,
0c3ee57f-1781-4921-83b1-e4fb46fc3230,e2e-0c3ee57f-20,CREATE,2025-05-08T20:30:38.204895+00:00,2025-05-08T20:30:48.832438+00:00,10.627543,sleevecdc-e2e-0c3ee57f-20-sleeve-sts-0,,1,,SUCCESS,
0c3ee57f-1781-4921-83b1-e4fb46fc3230,e2e-0c3ee57f-19,CREATE,2025-05-08T20:30:38.204850+00:00,2025-05-08T20:30:49.420677+00:00,11.215827,sleevecdc-e2e-0c3ee57f-19-sleeve-sts-0,,1,,SUCCESS,
0c3ee57f-1781-4921-83b1-e4fb46fc3230,e2e-0c3ee57f-17,CREATE,2025-05-08T20:30:38.204756+00:00,2025-05-08T20:30:50.037105+00:00,11.832349,sleevecdc-e2e-0c3ee57f-17-sleeve-sts-0,,1,,SUCCESS,
0c3ee57f-1781-4921-83b1-e4fb46fc3230,e2e-0c3ee57f-25,CREATE,2025-05-08T20:30:38.205229+00:00,2025-05-08T20:30:50.786813+00:00,12.581584,sleevecdc-e2e-0c3ee57f-25-sleeve-sts-0,,1,,SUCCESS,
0c3ee57f-1781-4921-83b1-e4fb46fc3230,e2e-0c3ee57f-18,CREATE,2025-05-08T20:30:38.204802+00:00,2025-05-08T20:30:51.035767+00:00,12.830965,sleevecdc-e2e-0c3ee57f-18-sleeve-sts-0,,1,,SUCCESS,
0c3ee57f-1781-4921-83b1-e4fb46fc3230,e2e-0c3ee57f-24,CREATE,2025-05-08T20:30:38.205175+00:00,2025-05-08T20:30:52.294683+00:00,14.089508,sleevecdc-e2e-0c3ee57f-24-sleeve-sts-0,,1,,SUCCESS,
0c3ee57f-1781-4921-83b1-e4fb46fc3230,e2e-0c3ee57f-21,CREATE,2025-05-08T20:30:38.204937+00:00,2025-05-08T20:30:53.074836+00:00,14.869899,sleevecdc-e2e-0c3ee57f-21-sleeve-sts-0,,1,,SUCCESS,
0c3ee57f-1781-4921-83b1-e4fb46fc3230,e2e-0c3ee57f-22,CREATE,2025-05-08T20:30:38.204983+00:00,2025-05-08T20:30:53.514783+00:00,15.3098,sleevecdc-e2e-0c3ee57f-22-sleeve-sts-0,,1,,SUCCESS,
0c3ee57f-1781-4921-83b1-e4fb46fc3230,e2e-0c3ee57f-23,CREATE,2025-05-08T20:30:38.205100+00:00,2025-05-08T20:30:54.064655+00:00,15.859555,sleevecdc-e2e-0c3ee57f-23-sleeve-sts-0,,1,,SUCCESS,
0c3ee57f-1781-4921-83b1-e4fb46fc3230,e2e-0c3ee57f-26,CREATE,2025-05-08T20:30:38.205325+00:00,2025-05-08T20:30:54.942379+00:00,16.737054,sleevecdc-e2e-0c3ee57f-26-sleeve-sts-0,,1,,SUCCESS,
0c3ee57f-1781-4921-83b1-e4fb46fc3230,e2e-0c3ee57f-28,CREATE,2025-05-08T20:30:38.205632+00:00,2025-05-08T20:30:56.301555+00:00,18.095923,sleevecdc-e2e-0c3ee57f-28-sleeve-sts-0,,1,,SUCCESS,
0c3ee57f-1781-4921-83b1-e4fb46fc3230,e2e-0c3ee57f-30,CREATE,2025-05-08T20:30:38.205890+00:00,2025-05-08T20:30:59.663574+00:00,21.457684,sleevecdc-e2e-0c3ee57f-30-sleeve-sts-0,,1,,SUCCESS,
0c3ee57f-1781-4921-83b1-e4fb46fc3230,e2e-0c3ee57f-29,CREATE,2025-05-08T20:30:38.205707+00:00,2025-05-08T20:31:02.154810+00:00,23.949103,sleevecdc-e2e-0c3ee57f-29-sleeve-sts-0,,1,,SUCCESS,
0c3ee57f-1781-4921-83b1-e4fb46fc3230,e2e-0c3ee57f-33,CREATE,2025-05-08T20:30:38.206180+00:00,2025-05-08T20:31:04.746360+00:00,26.54018,sleevecdc-e2e-0c3ee57f-33-sleeve-sts-0,,1,,SUCCESS,
0c3ee57f-1781-4921-83b1-e4fb46fc3230,e2e-0c3ee57f-36,CREATE,2025-05-08T20:30:38.206521+00:00,2025-05-08T20:31:07.091885+00:00,28.885364,sleevecdc-e2e-0c3ee57f-36-sleeve-sts-0,,1,,SUCCESS,
0c3ee57f-1781-4921-83b1-e4fb46fc3230,e2e-0c3ee57f-27,CREATE,2025-05-08T20:30:38.205411+00:00,2025-05-08T20:31:09.102531+00:00,30.89712,sleevecdc-e2e-0c3ee57f-27-sleeve-sts-0,,1,,SUCCESS,
0c3ee57f-1781-4921-83b1-e4fb46fc3230,e2e-0c3ee57f-31,CREATE,2025-05-08T20:30:38.205965+00:00,2025-05-08T20:31:11.256901+00:00,33.050936,sleevecdc-e2e-0c3ee57f-31-sleeve-sts-0,,1,,SUCCESS,
0c3ee57f-1781-4921-83b1-e4fb46fc3230,e2e-0c3ee57f-32,CREATE,2025-05-08T20:30:38.206028+00:00,2025-05-08T20:31:13.969340+00:00,35.763312,sleevecdc-e2e-0c3ee57f-32-sleeve-sts-0,,1,,SUCCESS,
0c3ee57f-1781-4921-83b1-e4fb46fc3230,e2e-0c3ee57f-37,CREATE,2025-05-08T20:30:38.206603+00:00,2025-05-08T20:31:18.153576+00:00,39.946973,sleevecdc-e2e-0c3ee57f-37-sleeve-sts-0,,1,,SUCCESS,
0c3ee57f-1781-4921-83b1-e4fb46fc3230,e2e-0c3ee57f-35,CREATE,2025-05-08T20:30:38.206340+00:00,2025-05-08T20:31:19.663631+00:00,41.457291,sleevecdc-e2e-0c3ee57f-35-sleeve-sts-0,,1,,SUCCESS,
0c3ee57f-1781-4921-83b1-e4fb46fc3230,e2e-0c3ee57f-34,CREATE,2025-05-08T20:30:38.206253+00:00,2025-05-08T20:31:21.949653+00:00,43.7434,sleevecdc-e2e-0c3ee57f-34-sleeve-sts-0,,1,,SUCCESS,
0c3ee57f-1781-4921-83b1-e4fb46fc3230,e2e-0c3ee57f-39,CREATE,2025-05-08T20:30:38.206720+00:00,2025-05-08T20:31:24.899692+00:00,46.692972,sleevecdc-e2e-0c3ee57f-39-sleeve-sts-0,,1,,SUCCESS,
0c3ee57f-1781-4921-83b1-e4fb46fc3230,e2e-0c3ee57f-38,CREATE,2025-05-08T20:30:38.206653+00:00,2025-05-08T20:31:28.142871+00:00,49.936218,sleevecdc-e2e-0c3ee57f-38-sleeve-sts-0,,1,,SUCCESS,
0c3ee57f-1781-4921-83b1-e4fb46fc3230,e2e-0c3ee57f-40,CREATE,2025-05-08T20:30:38.206766+00:00,2025-05-08T20:31:31.099858+00:00,52.893092,sleevecdc-e2e-0c3ee57f-40-sleeve-sts-0,,1,,SUCCESS,
0c3ee57f-1781-4921-83b1-e4fb46fc3230,e2e-0c3ee57f-42,CREATE,2025-05-08T20:30:38.206853+00:00,2025-05-08T20:31:33.030881+00:00,54.824028,sleevecdc-e2e-0c3ee57f-42-sleeve-sts-0,,1,,SUCCESS,
0c3ee57f-1781-4921-83b1-e4fb46fc3230,e2e-0c3ee57f-45,CREATE,2025-05-08T20:30:38.207032+00:00,2025-05-08T20:31:35.723633+00:00,57.516601,sleevecdc-e2e-0c3ee57f-45-sleeve-sts-0,,1,,SUCCESS,
0c3ee57f-1781-4921-83b1-e4fb46fc3230,e2e-0c3ee57f-46,CREATE,2025-05-08T20:30:38.207081+00:00,2025-05-08T20:31:40.680151+00:00,62.47307,sleevecdc-e2e-0c3ee57f-46-sleeve-sts-0,,1,,SUCCESS,
0c3ee57f-1781-4921-83b1-e4fb46fc3230,e2e-0c3ee57f-41,CREATE,2025-05-08T20:30:38.206809+00:00,2025-05-08T20:31:44.451170+00:00,66.244361,sleevecdc-e2e-0c3ee57f-41-sleeve-sts-0,,1,,SUCCESS,
0c3ee57f-1781-4921-83b1-e4fb46fc3230,e2e-0c3ee57f-43,CREATE,2025-05-08T20:30:38.206896+00:00,2025-05-08T20:31:47.751737+00:00,69.544841,sleevecdc-e2e-0c3ee57f-43-sleeve-sts-0,,1,,SUCCESS,
0c3ee57f-1781-4921-83b1-e4fb46fc3230,e2e-0c3ee57f-52,CREATE,2025-05-08T20:30:38.207378+00:00,2025-05-08T20:31:50.030129+00:00,71.822751,sleevecdc-e2e-0c3ee57f-52-sleeve-sts-0,,1,,SUCCESS,
0c3ee57f-1781-4921-83b1-e4fb46fc3230,e2e-0c3ee57f-44,CREATE,2025-05-08T20:30:38.206973+00:00,2025-05-08T20:31:53.603220+00:00,75.396247,sleevecdc-e2e-0c3ee57f-44-sleeve-sts-0,,1,,SUCCESS,
0c3ee57f-1781-4921-83b1-e4fb46fc3230,e2e-0c3ee57f-54,CREATE,2025-05-08T20:30:38.207468+00:00,2025-05-08T20:31:57.151551+00:00,78.944083,sleevecdc-e2e-0c3ee57f-54-sleeve-sts-0,,1,,SUCCESS,
0c3ee57f-1781-4921-83b1-e4fb46fc3230,e2e-0c3ee57f-53,CREATE,2025-05-08T20:30:38.207425+00:00,2025-05-08T20:32:00.706415+00:00,82.49899,sleevecdc-e2e-0c3ee57f-53-sleeve-sts-0,,1,,SUCCESS,
0c3ee57f-1781-4921-83b1-e4fb46fc3230,e2e-0c3ee57f-48,CREATE,2025-05-08T20:30:38.207172+00:00,2025-05-08T20:32:03.281255+00:00,85.074083,sleevecdc-e2e-0c3ee57f-48-sleeve-sts-0,,1,,SUCCESS,
0c3ee57f-1781-4921-83b1-e4fb46fc3230,e2e-0c3ee57f-49,CREATE,2025-05-08T20:30:38.207216+00:00,2025-05-08T20:32:04.291649+00:00,86.084433,sleevecdc-e2e-0c3ee57f-49-sleeve-sts-0,,1,,SUCCESS,
0c3ee57f-1781-4921-83b1-e4fb46fc3230,e2e-0c3ee57f-47,CREATE,2025-05-08T20:30:38.207129+00:00,2025-05-08T20:32:05.284758+00:00,87.077629,sleevecdc-e2e-0c3ee57f-47-sleeve-sts-0,,1,,SUCCESS,
0c3ee57f-1781-4921-83b1-e4fb46fc3230,e2e-0c3ee57f-50,CREATE,2025-05-08T20:30:38.207259+00:00,2025-05-08T20:32:06.169473+00:00,87.962214,sleevecdc-e2e-0c3ee57f-50-sleeve-sts-0,,1,,SUCCESS,
0c3ee57f-1781-4921-83b1-e4fb46fc3230,e2e-0c3ee57f-51,CREATE,2025-05-08T20:30:38.207330+00:00,2025-05-08T20:32:06.982011+00:00,88.774681,sleevecdc-e2e-0c3ee57f-51-sleeve-sts-0,,1,,SUCCESS,
0c3ee57f-1781-4921-83b1-e4fb46fc3230,e2e-0c3ee57f-56,CREATE,2025-05-08T20:30:38.207553+00:00,2025-05-08T20:32:07.239639+00:00,89.032086,sleevecdc-e2e-0c3ee57f-56-sleeve-sts-0,,1,,SUCCESS,
0c3ee57f-1781-4921-83b1-e4fb46fc3230,e2e-0c3ee57f-57,CREATE,2025-05-08T20:30:38.207596+00:00,2025-05-08T20:32:07.559784+00:00,89.352188,sleevecdc-e2e-0c3ee57f-57-sleeve-sts-0,,1,,SUCCESS,
0c3ee57f-1781-4921-83b1-e4fb46fc3230,e2e-0c3ee57f-55,CREATE,2025-05-08T20:30:38.207509+00:00,2025-05-08T20:32:09.098423+00:00,90.890914,sleevecdc-e2e-0c3ee57f-55-sleeve-sts-0,,1,,SUCCESS,
0c3ee57f-1781-4921-83b1-e4fb46fc3230,e2e-0c3ee57f-58,CREATE,2025-05-08T20:30:38.207643+00:00,2025-05-08T20:32:10.621992+00:00,92.414349,sleevecdc-e2e-0c3ee57f-58-sleeve-sts-0,,1,,SUCCESS,
0c3ee57f-1781-4921-83b1-e4fb46fc3230,e2e-0c3ee57f-60,CREATE,2025-05-08T20:30:38.207858+00:00,2025-05-08T20:32:10.964751+00:00,92.756893,sleevecdc-e2e-0c3ee57f-60-sleeve-sts-0,,1,,SUCCESS,
0c3ee57f-1781-4921-83b1-e4fb46fc3230,e2e-0c3ee57f-59,CREATE,2025-05-08T20:30:38.207711+00:00,2025-05-08T20:32:11.584448+00:00,93.376737,sleevecdc-e2e-0c3ee57f-59-sleeve-sts-0,,1,,SUCCESS,
0c3ee57f-1781-4921-83b1-e4fb46fc3230,e2e-0c3ee57f-67,CREATE,2025-05-08T20:30:38.208452+00:00,2025-05-08T20:32:12.573166+00:00,94.364714,sleevecdc-e2e-0c3ee57f-67-sleeve-sts-0,,1,,SUCCESS,
0c3ee57f-1781-4921-83b1-e4fb46fc3230,e2e-0c3ee57f-62,CREATE,2025-05-08T20:30:38.208113+00:00,2025-05-08T20:32:13.628744+00:00,95.420631,sleevecdc-e2e-0c3ee57f-62-sleeve-sts-0,,1,,SUCCESS,
0c3ee57f-1781-4921-83b1-e4fb46fc3230,e2e-0c3ee57f-65,CREATE,2025-05-08T20:30:38.208360+00:00,2025-05-08T20:32:14.367384+00:00,96.159024,sleevecdc-e2e-0c3ee57f-65-sleeve-sts-0,,1,,SUCCESS,
0c3ee57f-1781-4921-83b1-e4fb46fc3230,e2e-0c3ee57f-61,CREATE,2025-05-08T20:30:38.207924+00:00,2025-05-08T20:32:14.917029+00:00,96.709105,sleevecdc-e2e-0c3ee57f-61-sleeve-sts-0,,1,,SUCCESS,
0c3ee57f-1781-4921-83b1-e4fb46fc3230,e2e-0c3ee57f-66,CREATE,2025-05-08T20:30:38.208405+00:00,2025-05-08T20:32:16.346246+00:00,98.137841,sleevecdc-e2e-0c3ee57f-66-sleeve-sts-0,,1,,SUCCESS,
0c3ee57f-1781-4921-83b1-e4fb46fc3230,e2e-0c3ee57f-70,CREATE,2025-05-08T20:30:38.208644+00:00,2025-05-08T20:32:17.219726+00:00,99.011082,sleevecdc-e2e-0c3ee57f-70-sleeve-sts-0,,1,,SUCCESS,
0c3ee57f-1781-4921-83b1-e4fb46fc3230,e2e-0c3ee57f-64,CREATE,2025-05-08T20:30:38.208310+00:00,2025-05-08T20:32:17.557060+00:00,99.34875,sleevecdc-e2e-0c3ee57f-64-sleeve-sts-0,,1,,SUCCESS,
0c3ee57f-1781-4921-83b1-e4fb46fc3230,e2e-0c3ee57f-72,CREATE,2025-05-08T20:30:38.209455+00:00,2025-05-08T20:32:18.014730+00:00,99.805275,sleevecdc-e2e-0c3ee57f-72-sleeve-sts-0,,1,,SUCCESS,
0c3ee57f-1781-4921-83b1-e4fb46fc3230,e2e-0c3ee57f-63,CREATE,2025-05-08T20:30:38.208215+00:00,2025-05-08T20:32:18.435801+00:00,100.227586,sleevecdc-e2e-0c3ee57f-63-sleeve-sts-0,,1,,SUCCESS,
0c3ee57f-1781-4921-83b1-e4fb46fc3230,e2e-0c3ee57f-71,CREATE,2025-05-08T20:30:38.209350+00:00,2025-05-08T20:32:19.342697+00:00,101.133347,sleevecdc-e2e-0c3ee57f-71-sleeve-sts-0,,1,,SUCCESS,
0c3ee57f-1781-4921-83b1-e4fb46fc3230,e2e-0c3ee57f-68,CREATE,2025-05-08T20:30:38.208506+00:00,2025-05-08T20:32:20.396763+00:00,102.188257,sleevecdc-e2e-0c3ee57f-68-sleeve-sts-0,,1,,SUCCESS,
0c3ee57f-1781-4921-83b1-e4fb46fc3230,e2e-0c3ee57f-69,CREATE,2025-05-08T20:30:38.208548+00:00,2025-05-08T20:32:23.315773+00:00,105.107225,sleevecdc-e2e-0c3ee57f-69-sleeve-sts-0,,1,,SUCCESS,
0c3ee57f-1781-4921-83b1-e4fb46fc3230,e2e-0c3ee57f-73,CREATE,2025-05-08T20:30:38.209552+00:00,2025-05-08T20:32:24.226771+00:00,106.017219,sleevecdc-e2e-0c3ee57f-73-sleeve-sts-0,,1,,SUCCESS,
0c3ee57f-1781-4921-83b1-e4fb46fc3230,e2e-0c3ee57f-74,CREATE,2025-05-08T20:30:38.209710+00:00,2025-05-08T20:32:26.338884+00:00,108.129174,sleevecdc-e2e-0c3ee57f-74-sleeve-sts-0,,1,,SUCCESS,
0c3ee57f-1781-4921-83b1-e4fb46fc3230,e2e-0c3ee57f-75,CREATE,2025-05-08T20:30:38.209824+00:00,2025-05-08T20:32:30.485642+00:00,112.275818,sleevecdc-e2e-0c3ee57f-75-sleeve-sts-0,,1,,SUCCESS,
0c3ee57f-1781-4921-83b1-e4fb46fc3230,e2e-0c3ee57f-76,CREATE,2025-05-08T20:30:38.209873+00:00,2025-05-08T20:32:33.151733+00:00,114.94186,sleevecdc-e2e-0c3ee57f-76-sleeve-sts-0,,1,,SUCCESS,
0c3ee57f-1781-4921-83b1-e4fb46fc3230,e2e-0c3ee57f-77,CREATE,2025-05-08T20:30:38.209924+00:00,2025-05-08T20:32:36.205357+00:00,117.995433,sleevecdc-e2e-0c3ee57f-77-sleeve-sts-0,,1,,SUCCESS,
0c3ee57f-1781-4921-83b1-e4fb46fc3230,e2e-0c3ee57f-80,CREATE,2025-05-08T20:30:38.210060+00:00,2025-05-08T20:32:38.073892+00:00,119.863832,sleevecdc-e2e-0c3ee57f-80-sleeve-sts-0,,1,,SUCCESS,
0c3ee57f-1781-4921-83b1-e4fb46fc3230,e2e-0c3ee57f-79,CREATE,2025-05-08T20:30:38.210014+00:00,2025-05-08T20:32:38.986760+00:00,120.776746,sleevecdc-e2e-0c3ee57f-79-sleeve-sts-0,,1,,SUCCESS,
0c3ee57f-1781-4921-83b1-e4fb46fc3230,e2e-0c3ee57f-85,CREATE,2025-05-08T20:30:38.211292+00:00,2025-05-08T20:32:39.712155+00:00,121.500863,sleevecdc-e2e-0c3ee57f-85-sleeve-sts-0,,1,,SUCCESS,
0c3ee57f-1781-4921-83b1-e4fb46fc3230,e2e-0c3ee57f-78,CREATE,2025-05-08T20:30:38.209970+00:00,2025-05-08T20:32:41.246643+00:00,123.036673,sleevecdc-e2e-0c3ee57f-78-sleeve-sts-0,,1,,SUCCESS,
0c3ee57f-1781-4921-83b1-e4fb46fc3230,e2e-0c3ee57f-82,CREATE,2025-05-08T20:30:38.210214+00:00,2025-05-08T20:32:42.170149+00:00,123.959935,sleevecdc-e2e-0c3ee57f-82-sleeve-sts-0,,1,,SUCCESS,
0c3ee57f-1781-4921-83b1-e4fb46fc3230,e2e-0c3ee57f-81,CREATE,2025-05-08T20:30:38.210145+00:00,2025-05-08T20:32:42.820267+00:00,124.610122,sleevecdc-e2e-0c3ee57f-81-sleeve-sts-0,,1,,SUCCESS,
0c3ee57f-1781-4921-83b1-e4fb46fc3230,e2e-0c3ee57f-83,CREATE,2025-05-08T20:30:38.210264+00:00,2025-05-08T20:32:45.480814+00:00,127.27055,sleevecdc-e2e-0c3ee57f-83-sleeve-sts-0,,1,,SUCCESS,
0c3ee57f-1781-4921-83b1-e4fb46fc3230,e2e-0c3ee57f-87,CREATE,2025-05-08T20:30:38.211400+00:00,2025-05-08T20:32:47.935870+00:00,129.72447,sleevecdc-e2e-0c3ee57f-87-sleeve-sts-0,,1,,SUCCESS,
0c3ee57f-1781-4921-83b1-e4fb46fc3230,e2e-0c3ee57f-86,CREATE,2025-05-08T20:30:38.211351+00:00,2025-05-08T20:32:48.781889+00:00,130.570538,sleevecdc-e2e-0c3ee57f-86-sleeve-sts-0,,1,,SUCCESS,
0c3ee57f-1781-4921-83b1-e4fb46fc3230,e2e-0c3ee57f-84,CREATE,2025-05-08T20:30:38.210727+00:00,2025-05-08T20:32:51.275504+00:00,133.064777,sleevecdc-e2e-0c3ee57f-84-sleeve-sts-0,,1,,SUCCESS,
0c3ee57f-1781-4921-83b1-e4fb46fc3230,e2e-0c3ee57f-89,CREATE,2025-05-08T20:30:38.211542+00:00,2025-05-08T20:32:53.878550+00:00,135.667008,sleevecdc-e2e-0c3ee57f-89-sleeve-sts-0,,1,,SUCCESS,
0c3ee57f-1781-4921-83b1-e4fb46fc3230,e2e-0c3ee57f-90,CREATE,2025-05-08T20:30:38.211598+00:00,2025-05-08T20:32:57.768598+00:00,139.557,sleevecdc-e2e-0c3ee57f-90-sleeve-sts-0,,1,,SUCCESS,
0c3ee57f-1781-4921-83b1-e4fb46fc3230,e2e-0c3ee57f-88,CREATE,2025-05-08T20:30:38.211470+00:00,2025-05-08T20:33:00.960822+00:00,142.749352,sleevecdc-e2e-0c3ee57f-88-sleeve-sts-0,,1,,SUCCESS,
0c3ee57f-1781-4921-83b1-e4fb46fc3230,e2e-0c3ee57f-91,CREATE,2025-05-08T20:30:38.211646+00:00,2025-05-08T20:33:03.203720+00:00,144.992074,sleevecdc-e2e-0c3ee57f-91-sleeve-sts-0,,1,,SUCCESS,
0c3ee57f-1781-4921-83b1-e4fb46fc3230,e2e-0c3ee57f-93,CREATE,2025-05-08T20:30:38.211867+00:00,2025-05-08T20:33:05.216890+00:00,147.005023,sleevecdc-e2e-0c3ee57f-93-sleeve-sts-0,,1,,SUCCESS,
0c3ee57f-1781-4921-83b1-e4fb46fc3230,e2e-0c3ee57f-92,CREATE,2025-05-08T20:30:38.211708+00:00,2025-05-08T20:33:07.348005+00:00,149.136297,sleevecdc-e2e-0c3ee57f-92-sleeve-sts-0,,1,,SUCCESS,
0c3ee57f-1781-4921-83b1-e4fb46fc3230,e2e-0c3ee57f-95,CREATE,2025-05-08T20:30:38.212102+00:00,2025-05-08T20:33:08.158574+00:00,149.946472,sleevecdc-e2e-0c3ee57f-95-sleeve-sts-0,,1,,SUCCESS,
0c3ee57f-1781-4921-83b1-e4fb46fc3230,e2e-0c3ee57f-96,CREATE,2025-05-08T20:30:38.212242+00:00,2025-05-08T20:33:08.925595+00:00,150.713353,sleevecdc-e2e-0c3ee57f-96-sleeve-sts-0,,1,,SUCCESS,
0c3ee57f-1781-4921-83b1-e4fb46fc3230,e2e-0c3ee57f-97,CREATE,2025-05-08T20:30:38.212378+00:00,2025-05-08T20:33:10.518059+00:00,152.305681,sleevecdc-e2e-0c3ee57f-97-sleeve-sts-0,,1,,SUCCESS,
0c3ee57f-1781-4921-83b1-e4fb46fc3230,e2e-0c3ee57f-94,CREATE,2025-05-08T20:30:38.211978+00:00,2025-05-08T20:33:12.964740+00:00,154.752762,sleevecdc-e2e-0c3ee57f-94-sleeve-sts-0,,1,,SUCCESS,
0c3ee57f-1781-4921-83b1-e4fb46fc3230,e2e-0c3ee57f-98,CREATE,2025-05-08T20:30:38.212598+00:00,2025-05-08T20:33:14.648248+00:00,156.43565,sleevecdc-e2e-0c3ee57f-98-sleeve-sts-0,,1,,SUCCESS,
0c3ee57f-1781-4921-83b1-e4fb46fc3230,e2e-0c3ee57f-99,CREATE,2025-05-08T20:30:38.212649+00:00,2025-05-08T20:33:15.924263+00:00,157.711614,sleevecdc-e2e-0c3ee57f-99-sleeve-sts-0,,1,,SUCCESS,
0c3ee57f-1781-4921-83b1-e4fb46fc3230,e2e-0c3ee57f-42,UPDATE,2025-05-08T20:33:49.788862+00:00,2025-05-08T20:34:03.319659+00:00,13.530797,,1,2,2,SUCCESS,
0c3ee57f-1781-4921-83b1-e4fb46fc3230,e2e-0c3ee57f-45,UPDATE,2025-05-08T20:33:51.705645+00:00,2025-05-08T20:34:04.611421+00:00,12.905776,,1,2,2,SUCCESS,
0c3ee57f-1781-4921-83b1-e4fb46fc3230,e2e-0c3ee57f-46,UPDATE,2025-05-08T20:33:51.142709+00:00,2025-05-08T20:34:07.268705+00:00,16.125996,,1,2,2,SUCCESS,
0c3ee57f-1781-4921-83b1-e4fb46fc3230,e2e-0c3ee57f-41,UPDATE,2025-05-08T20:33:50.346435+00:00,2025-05-08T20:34:08.912384+00:00,18.565949,,1,2,2,SUCCESS,
0c3ee57f-1781-4921-83b1-e4fb46fc3230,e2e-0c3ee57f-43,UPDATE,2025-05-08T20:33:51.705369+00:00,2025-05-08T20:34:11.449078+00:00,19.743709,,1,2,2,SUCCESS,
0c3ee57f-1781-4921-83b1-e4fb46fc3230,e2e-0c3ee57f-52,UPDATE,2025-05-08T20:33:51.705551+00:00,2025-05-08T20:34:12.411839+00:00,20.706288,,1,2,2,SUCCESS,
0c3ee57f-1781-4921-83b1-e4fb46fc3230,e2e-0c3ee57f-44,UPDATE,2025-05-08T20:33:51.266525+00:00,2025-05-08T20:34:13.917337+00:00,22.650812,,1,2,2,SUCCESS,
0c3ee57f-1781-4921-83b1-e4fb46fc3230,e2e-0c3ee57f-54,UPDATE,2025-05-08T20:33:51.466888+00:00,2025-05-08T20:34:14.834000+00:00,23.367112,,1,2,2,SUCCESS,
0c3ee57f-1781-4921-83b1-e4fb46fc3230,e2e-0c3ee57f-53,UPDATE,2025-05-08T20:33:51.714826+00:00,2025-05-08T20:34:15.450550+00:00,23.735724,,1,2,2,SUCCESS,
0c3ee57f-1781-4921-83b1-e4fb46fc3230,e2e-0c3ee57f-48,UPDATE,2025-05-08T20:33:51.478009+00:00,2025-05-08T20:34:16.983972+00:00,25.505963,,1,2,2,SUCCESS,
0c3ee57f-1781-4921-83b1-e4fb46fc3230,e2e-0c3ee57f-49,UPDATE,2025-05-08T20:33:51.207795+00:00,2025-05-08T20:34:17.838809+00:00,26.631014,,1,2,2,SUCCESS,
0c3ee57f-1781-4921-83b1-e4fb46fc3230,e2e-0c3ee57f-47,UPDATE,2025-05-08T20:33:51.473327+00:00,2025-05-08T20:34:19.149328+00:00,27.676001,,1,2,2,SUCCESS,
0c3ee57f-1781-4921-83b1-e4fb46fc3230,e2e-0c3ee57f-50,UPDATE,2025-05-08T20:33:51.705252+00:00,2025-05-08T20:34:21.475412+00:00,29.77016,,1,2,2,SUCCESS,
0c3ee57f-1781-4921-83b1-e4fb46fc3230,e2e-0c3ee57f-51,UPDATE,2025-05-08T20:33:51.401764+00:00,2025-05-08T20:34:23.192499+00:00,31.790735,,1,2,2,SUCCESS,
0c3ee57f-1781-4921-83b1-e4fb46fc3230,e2e-0c3ee57f-56,UPDATE,2025-05-08T20:33:51.714905+00:00,2025-05-08T20:34:23.846949+00:00,32.132044,,1,2,2,SUCCESS,
0c3ee57f-1781-4921-83b1-e4fb46fc3230,e2e-0c3ee57f-57,UPDATE,2025-05-08T20:33:51.950200+00:00,2025-05-08T20:34:24.752278+00:00,32.802078,,1,2,2,SUCCESS,
0c3ee57f-1781-4921-83b1-e4fb46fc3230,e2e-0c3ee57f-55,UPDATE,2025-05-08T20:33:51.924124+00:00,2025-05-08T20:34:27.347395+00:00,35.423271,,1,2,2,SUCCESS,
0c3ee57f-1781-4921-83b1-e4fb46fc3230,e2e-0c3ee57f-58,UPDATE,2025-05-08T20:33:51.751676+00:00,2025-05-08T20:34:28.363773+00:00,36.612097,,1,2,2,SUCCESS,
0c3ee57f-1781-4921-83b1-e4fb46fc3230,e2e-0c3ee57f-60,UPDATE,2025-05-08T20:33:51.833723+00:00,2025-05-08T20:34:29.260192+00:00,37.426469,,1,2,2,SUCCESS,
0c3ee57f-1781-4921-83b1-e4fb46fc3230,e2e-0c3ee57f-59,UPDATE,2025-05-08T20:33:52.644313+00:00,2025-05-08T20:34:30.122542+00:00,37.478229,,1,2,2,SUCCESS,
0c3ee57f-1781-4921-83b1-e4fb46fc3230,e2e-0c3ee57f-67,UPDATE,2025-05-08T20:33:53.328652+00:00,2025-05-08T20:34:30.700803+00:00,37.372151,,1,2,2,SUCCESS,
0c3ee57f-1781-4921-83b1-e4fb46fc3230,e2e-0c3ee57f-62,UPDATE,2025-05-08T20:33:52.128920+00:00,2025-05-08T20:34:32.611771+00:00,40.482851,,1,2,2,SUCCESS,
0c3ee57f-1781-4921-83b1-e4fb46fc3230,e2e-0c3ee57f-65,UPDATE,2025-05-08T20:33:52.659559+00:00,2025-05-08T20:34:33.953696+00:00,41.294137,,1,2,2,SUCCESS,
0c3ee57f-1781-4921-83b1-e4fb46fc3230,e2e-0c3ee57f-61,UPDATE,2025-05-08T20:33:52.265548+00:00,2025-05-08T20:34:35.324848+00:00,43.0593,,1,2,2,SUCCESS,
0c3ee57f-1781-4921-83b1-e4fb46fc3230,e2e-0c3ee57f-66,UPDATE,2025-05-08T20:33:52.490620+00:00,2025-05-08T20:34:36.603772+00:00,44.113152,,1,2,2,SUCCESS,
0c3ee57f-1781-4921-83b1-e4fb46fc3230,e2e-0c3ee57f-70,UPDATE,2025-05-08T20:33:52.512859+00:00,2025-05-08T20:34:37.234850+00:00,44.721991,,1,2,2,SUCCESS,
0c3ee57f-1781-4921-83b1-e4fb46fc3230,e2e-0c3ee57f-64,UPDATE,2025-05-08T20:33:52.336127+00:00,2025-05-08T20:34:38.837986+00:00,46.501859,,1,2,2,SUCCESS,
0c3ee57f-1781-4921-83b1-e4fb46fc3230,e2e-0c3ee57f-72,UPDATE,2025-05-08T20:33:52.409015+00:00,2025-05-08T20:34:40.861349+00:00,48.452334,,1,2,2,SUCCESS,
0c3ee57f-1781-4921-83b1-e4fb46fc3230,e2e-0c3ee57f-63,UPDATE,2025-05-08T20:33:52.129138+00:00,2025-05-08T20:34:42.080895+00:00,49.951757,,1,2,2,SUCCESS,
0c3ee57f-1781-4921-83b1-e4fb46fc3230,e2e-0c3ee57f-71,UPDATE,2025-05-08T20:33:52.490472+00:00,2025-05-08T20:34:45.312900+00:00,52.822428,,1,2,2,SUCCESS,
0c3ee57f-1781-4921-83b1-e4fb46fc3230,e2e-0c3ee57f-68,UPDATE,2025-05-08T20:33:52.351680+00:00,2025-05-08T20:34:46.467101+00:00,54.115421,,1,2,2,SUCCESS,
0c3ee57f-1781-4921-83b1-e4fb46fc3230,e2e-0c3ee57f-69,UPDATE,2025-05-08T20:33:52.196259+00:00,2025-05-08T20:34:47.539887+00:00,55.343628,,1,2,2,SUCCESS,
0c3ee57f-1781-4921-83b1-e4fb46fc3230,e2e-0c3ee57f-73,UPDATE,2025-05-08T20:33:52.845859+00:00,2025-05-08T20:34:48.593255+00:00,55.747396,,1,2,2,SUCCESS,
0c3ee57f-1781-4921-83b1-e4fb46fc3230,e2e-0c3ee57f-74,UPDATE,2025-05-08T20:33:52.337152+00:00,2025-05-08T20:34:50.173211+00:00,57.836059,,1,2,2,SUCCESS,
0c3ee57f-1781-4921-83b1-e4fb46fc3230,e2e-0c3ee57f-75,UPDATE,2025-05-08T20:33:52.956291+00:00,2025-05-08T20:34:51.546794+00:00,58.590503,,1,2,2,SUCCESS,
0c3ee57f-1781-4921-83b1-e4fb46fc3230,e2e-0c3ee57f-76,UPDATE,2025-05-08T20:33:52.846134+00:00,2025-05-08T20:34:53.069991+00:00,60.223857,,1,2,2,SUCCESS,
0c3ee57f-1781-4921-83b1-e4fb46fc3230,e2e-0c3ee57f-77,UPDATE,2025-05-08T20:33:52.788455+00:00,2025-05-08T20:34:54.204130+00:00,61.415675,,1,2,2,SUCCESS,
0c3ee57f-1781-4921-83b1-e4fb46fc3230,e2e-0c3ee57f-80,UPDATE,2025-05-08T20:33:52.940813+00:00,2025-05-08T20:34:54.688513+00:00,61.7477,,1,2,2,SUCCESS,
0c3ee57f-1781-4921-83b1-e4fb46fc3230,e2e-0c3ee57f-79,UPDATE,2025-05-08T20:33:52.676494+00:00,2025-05-08T20:34:57.234101+00:00,64.557607,,1,2,2,SUCCESS,
0c3ee57f-1781-4921-83b1-e4fb46fc3230,e2e-0c3ee57f-85,UPDATE,2025-05-08T20:33:52.765206+00:00,2025-05-08T20:34:59.310462+00:00,66.545256,,1,2,2,SUCCESS,
0c3ee57f-1781-4921-83b1-e4fb46fc3230,e2e-0c3ee57f-78,UPDATE,2025-05-08T20:33:52.946103+00:00,2025-05-08T20:35:02.537376+00:00,69.591273,,1,2,2,SUCCESS,
0c3ee57f-1781-4921-83b1-e4fb46fc3230,e2e-0c3ee57f-82,UPDATE,2025-05-08T20:33:52.940541+00:00,2025-05-08T20:35:03.608561+00:00,70.66802,,1,2,2,SUCCESS,
0c3ee57f-1781-4921-83b1-e4fb46fc3230,e2e-0c3ee57f-81,UPDATE,2025-05-08T20:33:52.788246+00:00,2025-05-08T20:35:05.316685+00:00,72.528439,,1,2,2,SUCCESS,
0c3ee57f-1781-4921-83b1-e4fb46fc3230,e2e-0c3ee57f-83,UPDATE,2025-05-08T20:33:53.253797+00:00,2025-05-08T20:35:07.719556+00:00,74.465759,,1,2,2,SUCCESS,
0c3ee57f-1781-4921-83b1-e4fb46fc3230,e2e-0c3ee57f-87,UPDATE,2025-05-08T20:33:53.805268+00:00,2025-05-08T20:35:08.815946+00:00,75.010678,,1,2,2,SUCCESS,
0c3ee57f-1781-4921-83b1-e4fb46fc3230,e2e-0c3ee57f-86,UPDATE,2025-05-08T20:33:54.704159+00:00,2025-05-08T20:35:09.424223+00:00,74.720064,,1,2,2,SUCCESS,
0c3ee57f-1781-4921-83b1-e4fb46fc3230,e2e-0c3ee57f-84,UPDATE,2025-05-08T20:33:53.252821+00:00,2025-05-08T20:35:10.662080+00:00,77.409259,,1,2,2,SUCCESS,
0c3ee57f-1781-4921-83b1-e4fb46fc3230,e2e-0c3ee57f-89,UPDATE,2025-05-08T20:33:53.616912+00:00,2025-05-08T20:35:11.253961+00:00,77.637049,,1,2,2,SUCCESS,
0c3ee57f-1781-4921-83b1-e4fb46fc3230,e2e-0c3ee57f-90,UPDATE,2025-05-08T20:33:53.254137+00:00,2025-05-08T20:35:24.531525+00:00,91.277388,,1,2,2,SUCCESS,
0c3ee57f-1781-4921-83b1-e4fb46fc3230,e2e-0c3ee57f-88,UPDATE,2025-05-08T20:33:54.161902+00:00,2025-05-08T20:35:27.462429+00:00,93.300527,,1,2,2,SUCCESS,
0c3ee57f-1781-4921-83b1-e4fb46fc3230,e2e-0c3ee57f-91,UPDATE,2025-05-08T20:33:53.959136+00:00,2025-05-08T20:35:29.538471+00:00,95.579335,,1,2,2,SUCCESS,
0c3ee57f-1781-4921-83b1-e4fb46fc3230,e2e-0c3ee57f-93,UPDATE,2025-05-08T20:33:53.805416+00:00,2025-05-08T20:35:30.864782+00:00,97.059366,,1,2,2,SUCCESS,
0c3ee57f-1781-4921-83b1-e4fb46fc3230,e2e-0c3ee57f-92,UPDATE,2025-05-08T20:33:54.809808+00:00,2025-05-08T20:35:32.607709+00:00,97.797901,,1,2,2,SUCCESS,
0c3ee57f-1781-4921-83b1-e4fb46fc3230,e2e-0c3ee57f-95,UPDATE,2025-05-08T20:33:53.563730+00:00,2025-05-08T20:35:34.278440+00:00,100.71471,,1,2,2,SUCCESS,
0c3ee57f-1781-4921-83b1-e4fb46fc3230,e2e-0c3ee57f-96,UPDATE,2025-05-08T20:33:54.704271+00:00,2025-05-08T20:35:35.549030+00:00,100.844759,,1,2,2,SUCCESS,
0c3ee57f-1781-4921-83b1-e4fb46fc3230,e2e-0c3ee57f-97,UPDATE,2025-05-08T20:33:54.866226+00:00,2025-05-08T20:35:37.106855+00:00,102.240629,,1,2,2,SUCCESS,
0c3ee57f-1781-4921-83b1-e4fb46fc3230,e2e-0c3ee57f-94,UPDATE,2025-05-08T20:33:54.099689+00:00,2025-05-08T20:35:38.543526+00:00,104.443837,,1,2,2,SUCCESS,
0c3ee57f-1781-4921-83b1-e4fb46fc3230,e2e-0c3ee57f-0,UPDATE,2025-05-08T20:33:46.866153+00:00,2025-05-08T20:35:41.047802+00:00,114.181649,,1,2,2,SUCCESS,
0c3ee57f-1781-4921-83b1-e4fb46fc3230,e2e-0c3ee57f-98,UPDATE,2025-05-08T20:33:53.959238+00:00,2025-05-08T20:35:43.709545+00:00,109.750307,,1,2,2,SUCCESS,
0c3ee57f-1781-4921-83b1-e4fb46fc3230,e2e-0c3ee57f-99,UPDATE,2025-05-08T20:33:54.605982+00:00,2025-05-08T20:35:44.490202+00:00,109.88422,,1,2,2,SUCCESS,
0c3ee57f-1781-4921-83b1-e4fb46fc3230,e2e-0c3ee57f-1,UPDATE,2025-05-08T20:33:47.102855+00:00,2025-05-08T20:35:45.342876+00:00,118.240021,,1,2,2,SUCCESS,
0c3ee57f-1781-4921-83b1-e4fb46fc3230,e2e-0c3ee57f-2,UPDATE,2025-05-08T20:33:47.205105+00:00,2025-05-08T20:35:46.508204+00:00,119.303099,,1,2,2,SUCCESS,
0c3ee57f-1781-4921-83b1-e4fb46fc3230,e2e-0c3ee57f-3,UPDATE,2025-05-08T20:33:47.168558+00:00,2025-05-08T20:35:49.669079+00:00,122.500521,,1,2,2,SUCCESS,
0c3ee57f-1781-4921-83b1-e4fb46fc3230,e2e-0c3ee57f-12,UPDATE,2025-05-08T20:33:47.084580+00:00,2025-05-08T20:35:51.958000+00:00,124.87342,,1,2,2,SUCCESS,
0c3ee57f-1781-4921-83b1-e4fb46fc3230,e2e-0c3ee57f-4,UPDATE,2025-05-08T20:33:47.211307+00:00,2025-05-08T20:35:52.918864+00:00,125.707557,,1,2,2,SUCCESS,
0c3ee57f-1781-4921-83b1-e4fb46fc3230,e2e-0c3ee57f-8,UPDATE,2025-05-08T20:33:47.143110+00:00,2025-05-08T20:35:54.575119+00:00,127.432009,,1,2,2,SUCCESS,
0c3ee57f-1781-4921-83b1-e4fb46fc3230,e2e-0c3ee57f-11,UPDATE,2025-05-08T20:33:47.271933+00:00,2025-05-08T20:35:55.787403+00:00,128.51547,,1,2,2,SUCCESS,
0c3ee57f-1781-4921-83b1-e4fb46fc3230,e2e-0c3ee57f-6,UPDATE,2025-05-08T20:33:46.779594+00:00,2025-05-08T20:35:57.900533+00:00,131.120939,,1,2,2,SUCCESS,
0c3ee57f-1781-4921-83b1-e4fb46fc3230,e2e-0c3ee57f-13,UPDATE,2025-05-08T20:33:47.196869+00:00,2025-05-08T20:36:00.338394+00:00,133.141525,,1,2,2,SUCCESS,
0c3ee57f-1781-4921-83b1-e4fb46fc3230,e2e-0c3ee57f-5,UPDATE,2025-05-08T20:33:47.204925+00:00,2025-05-08T20:36:03.612837+00:00,136.407912,,1,2,2,SUCCESS,
0c3ee57f-1781-4921-83b1-e4fb46fc3230,e2e-0c3ee57f-10,UPDATE,2025-05-08T20:33:47.260349+00:00,2025-05-08T20:36:05.524397+00:00,138.264048,,1,2,2,SUCCESS,
0c3ee57f-1781-4921-83b1-e4fb46fc3230,e2e-0c3ee57f-7,UPDATE,2025-05-08T20:33:47.186602+00:00,2025-05-08T20:36:07.357249+00:00,140.170647,,1,2,2,SUCCESS,
0c3ee57f-1781-4921-83b1-e4fb46fc3230,e2e-0c3ee57f-9,UPDATE,2025-05-08T20:33:47.346118+00:00,2025-05-08T20:36:09.188776+00:00,141.842658,,1,2,2,SUCCESS,
0c3ee57f-1781-4921-83b1-e4fb46fc3230,e2e-0c3ee57f-14,UPDATE,2025-05-08T20:33:47.330092+00:00,2025-05-08T20:36:10.389903+00:00,143.059811,,1,2,2,SUCCESS,
0c3ee57f-1781-4921-83b1-e4fb46fc3230,e2e-0c3ee57f-15,UPDATE,2025-05-08T20:33:48.678778+00:00,2025-05-08T20:36:11.631725+00:00,142.952947,,1,2,2,SUCCESS,
0c3ee57f-1781-4921-83b1-e4fb46fc3230,e2e-0c3ee57f-16,UPDATE,2025-05-08T20:33:48.578126+00:00,2025-05-08T20:36:13.653068+00:00,145.074942,,1,2,2,SUCCESS,
0c3ee57f-1781-4921-83b1-e4fb46fc3230,e2e-0c3ee57f-20,UPDATE,2025-05-08T20:33:48.477333+00:00,2025-05-08T20:36:14.833236+00:00,146.355903,,1,2,2,SUCCESS,
0c3ee57f-1781-4921-83b1-e4fb46fc3230,e2e-0c3ee57f-19,UPDATE,2025-05-08T20:33:48.917440+00:00,2025-05-08T20:36:15.811538+00:00,146.894098,,1,2,2,SUCCESS,
0c3ee57f-1781-4921-83b1-e4fb46fc3230,e2e-0c3ee57f-17,UPDATE,2025-05-08T20:33:48.878981+00:00,2025-05-08T20:36:16.804510+00:00,147.925529,,1,2,2,SUCCESS,
0c3ee57f-1781-4921-83b1-e4fb46fc3230,e2e-0c3ee57f-25,UPDATE,2025-05-08T20:33:49.071245+00:00,2025-05-08T20:36:19.832780+00:00,150.761535,,1,2,2,SUCCESS,
0c3ee57f-1781-4921-83b1-e4fb46fc3230,e2e-0c3ee57f-18,UPDATE,2025-05-08T20:33:48.659014+00:00,2025-05-08T20:36:22.377097+00:00,153.718083,,1,2,2,SUCCESS,
0c3ee57f-1781-4921-83b1-e4fb46fc3230,e2e-0c3ee57f-24,UPDATE,2025-05-08T20:33:49.524856+00:00,2025-05-08T20:36:25.598499+00:00,156.073643,,1,2,2,SUCCESS,
0c3ee57f-1781-4921-83b1-e4fb46fc3230,e2e-0c3ee57f-21,UPDATE,2025-05-08T20:33:48.785653+00:00,2025-05-08T20:36:27.763354+00:00,158.977701,,1,2,2,SUCCESS,
0c3ee57f-1781-4921-83b1-e4fb46fc3230,e2e-0c3ee57f-22,UPDATE,2025-05-08T20:33:48.659427+00:00,2025-05-08T20:36:29.313963+00:00,160.654536,,1,2,2,SUCCESS,
0c3ee57f-1781-4921-83b1-e4fb46fc3230,e2e-0c3ee57f-23,UPDATE,2025-05-08T20:33:48.787841+00:00,2025-05-08T20:36:31.313182+00:00,162.525341,,1,2,2,SUCCESS,
0c3ee57f-1781-4921-83b1-e4fb46fc3230,e2e-0c3ee57f-26,UPDATE,2025-05-08T20:33:48.707728+00:00,2025-05-08T20:36:33.252479+00:00,164.544751,,1,2,2,SUCCESS,
0c3ee57f-1781-4921-83b1-e4fb46fc3230,e2e-0c3ee57f-28,UPDATE,2025-05-08T20:33:48.659236+00:00,2025-05-08T20:36:34.737951+00:00,166.078715,,1,2,2,SUCCESS,
0c3ee57f-1781-4921-83b1-e4fb46fc3230,e2e-0c3ee57f-30,UPDATE,2025-05-08T20:33:49.230750+00:00,2025-05-08T20:36:37.993307+00:00,168.762557,,1,2,2,SUCCESS,
0c3ee57f-1781-4921-83b1-e4fb46fc3230,e2e-0c3ee57f-29,UPDATE,2025-05-08T20:33:49.164510+00:00,2025-05-08T20:36:42.270492+00:00,173.105982,,1,2,2,SUCCESS,
0c3ee57f-1781-4921-83b1-e4fb46fc3230,e2e-0c3ee57f-33,UPDATE,2025-05-08T20:33:49.051438+00:00,2025-05-08T20:36:44.774793+00:00,175.723355,,1,2,2,SUCCESS,
0c3ee57f-1781-4921-83b1-e4fb46fc3230,e2e-0c3ee57f-36,UPDATE,2025-05-08T20:33:48.842022+00:00,2025-05-08T20:36:47.198931+00:00,178.356909,,1,2,2,SUCCESS,
0c3ee57f-1781-4921-83b1-e4fb46fc3230,e2e-0c3ee57f-27,UPDATE,2025-05-08T20:33:49.225478+00:00,2025-05-08T20:36:50.381292+00:00,181.155814,,1,2,2,SUCCESS,
0c3ee57f-1781-4921-83b1-e4fb46fc3230,e2e-0c3ee57f-31,UPDATE,2025-05-08T20:33:49.597556+00:00,2025-05-08T20:36:52.650093+00:00,183.052537,,1,2,2,SUCCESS,
0c3ee57f-1781-4921-83b1-e4fb46fc3230,e2e-0c3ee57f-32,UPDATE,2025-05-08T20:33:49.525059+00:00,2025-05-08T20:36:56.060890+00:00,186.535831,,1,2,2,SUCCESS,
0c3ee57f-1781-4921-83b1-e4fb46fc3230,e2e-0c3ee57f-37,UPDATE,2025-05-08T20:33:49.773267+00:00,2025-05-08T20:36:58.666537+00:00,188.89327,,1,2,2,SUCCESS,
0c3ee57f-1781-4921-83b1-e4fb46fc3230,e2e-0c3ee57f-35,UPDATE,2025-05-08T20:33:49.752204+00:00,2025-05-08T20:37:00.270801+00:00,190.518597,,1,2,2,SUCCESS,
0c3ee57f-1781-4921-83b1-e4fb46fc3230,e2e-0c3ee57f-34,UPDATE,2025-05-08T20:33:49.384153+00:00,2025-05-08T20:37:02.537983+00:00,193.15383,,1,2,2,SUCCESS,
0c3ee57f-1781-4921-83b1-e4fb46fc3230,e2e-0c3ee57f-39,UPDATE,2025-05-08T20:33:50.246573+00:00,2025-05-08T20:37:05.418461+00:00,195.171888,,1,2,2,SUCCESS,
0c3ee57f-1781-4921-83b1-e4fb46fc3230,e2e-0c3ee57f-38,UPDATE,2025-05-08T20:33:50.291866+00:00,2025-05-08T20:37:07.779816+00:00,197.48795,,1,2,2,SUCCESS,
0c3ee57f-1781-4921-83b1-e4fb46fc3230,e2e-0c3ee57f-40,UPDATE,2025-05-08T20:33:50.602095+00:00,2025-05-08T20:37:09.677995+00:00,199.0759,,1,2,2,SUCCESS,
0c3ee57f-1781-4921-83b1-e4fb46fc3230,e2e-0c3ee57f-61,DELETE,2025-05-08T20:37:58.357465+00:00,2025-05-08T20:38:21.862181+00:00,23.504716,,2,0,0,SUCCESS,
0c3ee57f-1781-4921-83b1-e4fb46fc3230,e2e-0c3ee57f-66,DELETE,2025-05-08T20:37:58.356947+00:00,2025-05-08T20:38:25.263668+00:00,26.906721,,2,0,0,SUCCESS,
0c3ee57f-1781-4921-83b1-e4fb46fc3230,e2e-0c3ee57f-70,DELETE,2025-05-08T20:37:58.379385+00:00,2025-05-08T20:38:26.215871+00:00,27.836486,,2,0,0,SUCCESS,
0c3ee57f-1781-4921-83b1-e4fb46fc3230,e2e-0c3ee57f-64,DELETE,2025-05-08T20:38:03.626036+00:00,2025-05-08T20:38:27.743940+00:00,24.117904,,2,0,0,SUCCESS,
0c3ee57f-1781-4921-83b1-e4fb46fc3230,e2e-0c3ee57f-72,DELETE,2025-05-08T20:38:03.895471+00:00,2025-05-08T20:38:28.890062+00:00,24.994591,,2,0,0,SUCCESS,
0c3ee57f-1781-4921-83b1-e4fb46fc3230,e2e-0c3ee57f-63,DELETE,2025-05-08T20:38:03.670492+00:00,2025-05-08T20:38:30.178481+00:00,26.507989,,2,0,0,SUCCESS,
0c3ee57f-1781-4921-83b1-e4fb46fc3230,e2e-0c3ee57f-71,DELETE,2025-05-08T20:38:04.169393+00:00,2025-05-08T20:38:31.710071+00:00,27.540678,,2,0,0,SUCCESS,
0c3ee57f-1781-4921-83b1-e4fb46fc3230,e2e-0c3ee57f-68,DELETE,2025-05-08T20:38:03.667055+00:00,2025-05-08T20:38:32.669567+00:00,29.002512,,2,0,0,SUCCESS,
0c3ee57f-1781-4921-83b1-e4fb46fc3230,e2e-0c3ee57f-69,DELETE,2025-05-08T20:38:06.612870+00:00,2025-05-08T20:38:33.506034+00:00,26.893164,,2,0,0,SUCCESS,
0c3ee57f-1781-4921-83b1-e4fb46fc3230,e2e-0c3ee57f-73,DELETE,2025-05-08T20:38:07.182004+00:00,2025-05-08T20:38:34.828973+00:00,27.646969,,2,0,0,SUCCESS,
0c3ee57f-1781-4921-83b1-e4fb46fc3230,e2e-0c3ee57f-74,DELETE,2025-05-08T20:38:06.787915+00:00,2025-05-08T20:38:37.950535+00:00,31.16262,,2,0,0,SUCCESS,
0c3ee57f-1781-4921-83b1-e4fb46fc3230,e2e-0c3ee57f-75,DELETE,2025-05-08T20:38:06.942036+00:00,2025-05-08T20:38:39.250759+00:00,32.308723,,2,0,0,SUCCESS,
0c3ee57f-1781-4921-83b1-e4fb46fc3230,e2e-0c3ee57f-76,DELETE,2025-05-08T20:38:06.744874+00:00,2025-05-08T20:38:40.517991+00:00,33.773117,,2,0,0,SUCCESS,
0c3ee57f-1781-4921-83b1-e4fb46fc3230,e2e-0c3ee57f-77,DELETE,2025-05-08T20:38:06.690823+00:00,2025-05-08T20:38:41.547971+00:00,34.857148,,2,0,0,SUCCESS,
0c3ee57f-1781-4921-83b1-e4fb46fc3230,e2e-0c3ee57f-80,DELETE,2025-05-08T20:38:06.651323+00:00,2025-05-08T20:38:43.614590+00:00,36.963267,,2,0,0,SUCCESS,
0c3ee57f-1781-4921-83b1-e4fb46fc3230,e2e-0c3ee57f-79,DELETE,2025-05-08T20:38:06.613529+00:00,2025-05-08T20:38:46.745856+00:00,40.132327,,2,0,0,SUCCESS,
0c3ee57f-1781-4921-83b1-e4fb46fc3230,e2e-0c3ee57f-85,DELETE,2025-05-08T20:38:07.998008+00:00,2025-05-08T20:38:48.044524+00:00,40.046516,,2,0,0,SUCCESS,
0c3ee57f-1781-4921-83b1-e4fb46fc3230,e2e-0c3ee57f-78,DELETE,2025-05-08T20:38:10.274481+00:00,2025-05-08T20:38:51.727661+00:00,41.45318,,2,0,0,SUCCESS,
0c3ee57f-1781-4921-83b1-e4fb46fc3230,e2e-0c3ee57f-82,DELETE,2025-05-08T20:38:10.264780+00:00,2025-05-08T20:38:53.717640+00:00,43.45286,,2,0,0,SUCCESS,
0c3ee57f-1781-4921-83b1-e4fb46fc3230,e2e-0c3ee57f-81,DELETE,2025-05-08T20:38:08.028580+00:00,2025-05-08T20:38:54.976022+00:00,46.947442,,2,0,0,SUCCESS,
0c3ee57f-1781-4921-83b1-e4fb46fc3230,e2e-0c3ee57f-83,DELETE,2025-05-08T20:38:08.011170+00:00,2025-05-08T20:38:55.961175+00:00,47.950005,,2,0,0,SUCCESS,
0c3ee57f-1781-4921-83b1-e4fb46fc3230,e2e-0c3ee57f-87,DELETE,2025-05-08T20:38:09.906700+00:00,2025-05-08T20:38:57.725096+00:00,47.818396,,2,0,0,SUCCESS,
0c3ee57f-1781-4921-83b1-e4fb46fc3230,e2e-0c3ee57f-86,DELETE,2025-05-08T20:38:09.329230+00:00,2025-05-08T20:38:59.734717+00:00,50.405487,,2,0,0,SUCCESS,
0c3ee57f-1781-4921-83b1-e4fb46fc3230,e2e-0c3ee57f-84,DELETE,2025-05-08T20:38:09.959488+00:00,2025-05-08T20:39:04.879295+00:00,54.919807,,2,0,0,SUCCESS,
0c3ee57f-1781-4921-83b1-e4fb46fc3230,e2e-0c3ee57f-89,DELETE,2025-05-08T20:38:09.943075+00:00,2025-05-08T20:39:06.675170+00:00,56.732095,,2,0,0,SUCCESS,
0c3ee57f-1781-4921-83b1-e4fb46fc3230,e2e-0c3ee57f-90,DELETE,2025-05-08T20:38:09.617937+00:00,2025-05-08T20:39:07.545915+00:00,57.927978,,2,0,0,SUCCESS,
0c3ee57f-1781-4921-83b1-e4fb46fc3230,e2e-0c3ee57f-88,DELETE,2025-05-08T20:38:08.893463+00:00,2025-05-08T20:39:08.856393+00:00,59.96293,,2,0,0,SUCCESS,
0c3ee57f-1781-4921-83b1-e4fb46fc3230,e2e-0c3ee57f-91,DELETE,2025-05-08T20:38:08.922989+00:00,2025-05-08T20:39:09.658439+00:00,60.73545,,2,0,0,SUCCESS,
0c3ee57f-1781-4921-83b1-e4fb46fc3230,e2e-0c3ee57f-93,DELETE,2025-05-08T20:38:12.273612+00:00,2025-05-08T20:39:10.726629+00:00,58.453017,,2,0,0,SUCCESS,
0c3ee57f-1781-4921-83b1-e4fb46fc3230,e2e-0c3ee57f-92,DELETE,2025-05-08T20:38:12.490907+00:00,2025-05-08T20:39:11.397367+00:00,58.90646,,2,0,0,SUCCESS,
0c3ee57f-1781-4921-83b1-e4fb46fc3230,e2e-0c3ee57f-95,DELETE,2025-05-08T20:38:12.398107+00:00,2025-05-08T20:39:13.716488+00:00,61.318381,,2,0,0,SUCCESS,
0c3ee57f-1781-4921-83b1-e4fb46fc3230,e2e-0c3ee57f-96,DELETE,2025-05-08T20:38:12.339283+00:00,2025-05-08T20:39:15.235397+00:00,62.896114,,2,0,0,SUCCESS,
0c3ee57f-1781-4921-83b1-e4fb46fc3230,e2e-0c3ee57f-97,DELETE,2025-05-08T20:38:12.083540+00:00,2025-05-08T20:39:16.100124+00:00,64.016584,,2,0,0,SUCCESS,
0c3ee57f-1781-4921-83b1-e4fb46fc3230,e2e-0c3ee57f-94,DELETE,2025-05-08T20:38:12.084024+00:00,2025-05-08T20:39:17.102716+00:00,65.018692,,2,0,0,SUCCESS,
0c3ee57f-1781-4921-83b1-e4fb46fc3230,e2e-0c3ee57f-98,DELETE,2025-05-08T20:38:12.170824+00:00,2025-05-08T20:39:19.635512+00:00,67.464688,,2,0,0,SUCCESS,
0c3ee57f-1781-4921-83b1-e4fb46fc3230,e2e-0c3ee57f-0,DELETE,2025-05-08T20:37:42.294440+00:00,2025-05-08T20:39:20.995807+00:00,98.701367,,2,0,0,SUCCESS,
0c3ee57f-1781-4921-83b1-e4fb46fc3230,e2e-0c3ee57f-99,DELETE,2025-05-08T20:38:12.211681+00:00,2025-05-08T20:39:21.751157+00:00,69.539476,,2,0,0,SUCCESS,
0c3ee57f-1781-4921-83b1-e4fb46fc3230,e2e-0c3ee57f-1,DELETE,2025-05-08T20:37:42.489441+00:00,2025-05-08T20:39:26.980094+00:00,104.490653,,2,0,0,SUCCESS,
0c3ee57f-1781-4921-83b1-e4fb46fc3230,e2e-0c3ee57f-2,DELETE,2025-05-08T20:37:42.391863+00:00,2025-05-08T20:39:29.246883+00:00,106.85502,,2,0,0,SUCCESS,
0c3ee57f-1781-4921-83b1-e4fb46fc3230,e2e-0c3ee57f-3,DELETE,2025-05-08T20:37:42.366074+00:00,2025-05-08T20:39:33.425956+00:00,111.059882,,2,0,0,SUCCESS,
0c3ee57f-1781-4921-83b1-e4fb46fc3230,e2e-0c3ee57f-12,DELETE,2025-05-08T20:37:43.355628+00:00,2025-05-08T20:39:38.256169+00:00,114.900541,,2,0,0,SUCCESS,
0c3ee57f-1781-4921-83b1-e4fb46fc3230,e2e-0c3ee57f-65,DELETE,2025-05-08T20:37:59.009197+00:00,2025-05-08T20:39:40.813746+00:00,101.804549,,2,0,0,SUCCESS,
0c3ee57f-1781-4921-83b1-e4fb46fc3230,e2e-0c3ee57f-35,DELETE,2025-05-08T20:37:53.430773+00:00,2025-05-08T20:39:47.477358+00:00,114.046585,,2,0,0,SUCCESS,
0c3ee57f-1781-4921-83b1-e4fb46fc3230,e2e-0c3ee57f-18,DELETE,2025-05-08T20:37:45.156523+00:00,2025-05-08T20:39:51.136233+00:00,125.97971,,2,0,0,SUCCESS,
0c3ee57f-1781-4921-83b1-e4fb46fc3230,e2e-0c3ee57f-54,DELETE,2025-05-08T20:37:55.445016+00:00,2025-05-08T20:39:52.367715+00:00,116.922699,,2,0,0,SUCCESS,
0c3ee57f-1781-4921-83b1-e4fb46fc3230,e2e-0c3ee57f-11,DELETE,2025-05-08T20:37:42.295705+00:00,2025-05-08T20:39:56.137511+00:00,133.841806,,2,0,0,SUCCESS,
0c3ee57f-1781-4921-83b1-e4fb46fc3230,e2e-0c3ee57f-5,DELETE,2025-05-08T20:37:42.965714+00:00,2025-05-08T20:39:57.269947+00:00,134.304233,,2,0,0,SUCCESS,
0c3ee57f-1781-4921-83b1-e4fb46fc3230,e2e-0c3ee57f-22,DELETE,2025-05-08T20:37:45.760655+00:00,2025-05-08T20:40:02.929834+00:00,137.169179,,2,0,0,SUCCESS,
0c3ee57f-1781-4921-83b1-e4fb46fc3230,e2e-0c3ee57f-10,DELETE,2025-05-08T20:37:42.696142+00:00,2025-05-08T20:40:05.863663+00:00,143.167521,,2,0,0,SUCCESS,
0c3ee57f-1781-4921-83b1-e4fb46fc3230,e2e-0c3ee57f-59,DELETE,2025-05-08T20:37:56.590038+00:00,2025-05-08T20:40:07.250630+00:00,130.660592,,2,0,0,SUCCESS,
0c3ee57f-1781-4921-83b1-e4fb46fc3230,e2e-0c3ee57f-30,DELETE,2025-05-08T20:37:47.179005+00:00,2025-05-08T20:40:12.729343+00:00,145.550338,,2,0,0,SUCCESS,
0c3ee57f-1781-4921-83b1-e4fb46fc3230,e2e-0c3ee57f-51,DELETE,2025-05-08T20:37:55.681738+00:00,2025-05-08T20:40:15.692331+00:00,140.010593,,2,0,0,SUCCESS,
0c3ee57f-1781-4921-83b1-e4fb46fc3230,e2e-0c3ee57f-26,DELETE,2025-05-08T20:37:47.891401+00:00,2025-05-08T20:40:24.072499+00:00,156.181098,,2,0,0,SUCCESS,
0c3ee57f-1781-4921-83b1-e4fb46fc3230,e2e-0c3ee57f-7,DELETE,2025-05-08T20:37:42.291701+00:00,2025-05-08T20:40:41.079677+00:00,178.787976,,2,0,0,SUCCESS,
0c3ee57f-1781-4921-83b1-e4fb46fc3230,e2e-0c3ee57f-53,DELETE,2025-05-08T20:37:54.667549+00:00,2025-05-08T20:41:08.530418+00:00,193.862869,,2,0,0,SUCCESS,
0c3ee57f-1781-4921-83b1-e4fb46fc3230,e2e-0c3ee57f-49,DELETE,2025-05-08T20:37:55.373908+00:00,2025-05-08T20:41:41.599930+00:00,226.226022,,2,0,0,SUCCESS,
0c3ee57f-1781-4921-83b1-e4fb46fc3230,e2e-0c3ee57f-28,DELETE,2025-05-08T20:37:48.662563+00:00,2025-05-08T20:41:42.373523+00:00,233.71096,,2,0,0,SUCCESS,
0c3ee57f-1781-4921-83b1-e4fb46fc3230,e2e-0c3ee57f-25,DELETE,2025-05-08T20:37:43.544070+00:00,2025-05-08T20:41:42.491641+00:00,238.947571,,2,0,0,SUCCESS,
0c3ee57f-1781-4921-83b1-e4fb46fc3230,e2e-0c3ee57f-50,DELETE,2025-05-08T20:37:55.290500+00:00,2025-05-08T20:41:43.775302+00:00,228.484802,,2,0,0,SUCCESS,
0c3ee57f-1781-4921-83b1-e4fb46fc3230,e2e-0c3ee57f-56,DELETE,2025-05-08T20:37:55.810813+00:00,2025-05-08T20:41:43.641582+00:00,227.830769,,2,0,0,SUCCESS,
0c3ee57f-1781-4921-83b1-e4fb46fc3230,e2e-0c3ee57f-62,DELETE,2025-05-08T20:37:59.045961+00:00,2025-05-08T20:41:44.651111+00:00,225.60515,,2,0,0,SUCCESS,
0c3ee57f-1781-4921-83b1-e4fb46fc3230,e2e-0c3ee57f-34,DELETE,2025-05-08T20:37:53.504086+00:00,2025-05-08T20:41:44.625578+00:00,231.121492,,2,0,0,SUCCESS,
0c3ee57f-1781-4921-83b1-e4fb46fc3230,e2e-0c3ee57f-57,DELETE,2025-05-08T20:37:58.726120+00:00,2025-05-08T20:41:45.432254+00:00,226.706134,,2,0,0,SUCCESS,
0c3ee57f-1781-4921-83b1-e4fb46fc3230,e2e-0c3ee57f-29,DELETE,2025-05-08T20:37:51.635853+00:00,2025-05-08T20:41:45.720424+00:00,234.084571,,2,0,0,SUCCESS,
0c3ee57f-1781-4921-83b1-e4fb46fc3230,e2e-0c3ee57f-14,DELETE,2025-05-08T20:37:47.806604+00:00,2025-05-08T20:41:46.729425+00:00,238.922821,,2,0,0,SUCCESS,
0c3ee57f-1781-4921-83b1-e4fb46fc3230,e2e-0c3ee57f-42,DELETE,2025-05-08T20:37:53.982535+00:00,2025-05-08T20:41:46.661504+00:00,232.678969,,2,0,0,SUCCESS,
0c3ee57f-1781-4921-83b1-e4fb46fc3230,e2e-0c3ee57f-43,DELETE,2025-05-08T20:37:54.088529+00:00,2025-05-08T20:41:47.127447+00:00,233.038918,,2,0,0,SUCCESS,
0c3ee57f-1781-4921-83b1-e4fb46fc3230,e2e-0c3ee57f-13,DELETE,2025-05-08T20:37:42.955887+00:00,2025-05-08T20:41:47.167083+00:00,244.211196,,2,0,0,SUCCESS,
0c3ee57f-1781-4921-83b1-e4fb46fc3230,e2e-0c3ee57f-32,DELETE,2025-05-08T20:37:53.743035+00:00,2025-05-08T20:41:53.029826+00:00,239.286791,,2,0,0,SUCCESS,
0c3ee57f-1781-4921-83b1-e4fb46fc3230,e2e-0c3ee57f-46,DELETE,2025-05-08T20:37:53.965252+00:00,2025-05-08T20:41:53.154316+00:00,239.189064,,2,0,0,SUCCESS,
0c3ee57f-1781-4921-83b1-e4fb46fc3230,e2e-0c3ee57f-24,DELETE,2025-05-08T20:37:43.979995+00:00,2025-05-08T20:41:53.746086+00:00,249.766091,,2,0,0,SUCCESS,
0c3ee57f-1781-4921-83b1-e4fb46fc3230,e2e-0c3ee57f-39,DELETE,2025-05-08T20:37:53.076678+00:00,2025-05-08T20:41:54.290174+00:00,241.213496,,2,0,0,SUCCESS,
0c3ee57f-1781-4921-83b1-e4fb46fc3230,e2e-0c3ee57f-58,DELETE,2025-05-08T20:37:56.469573+00:00,2025-05-08T20:41:54.194917+00:00,237.725344,,2,0,0,SUCCESS,
0c3ee57f-1781-4921-83b1-e4fb46fc3230,e2e-0c3ee57f-52,DELETE,2025-05-08T20:37:54.845447+00:00,2025-05-08T20:41:54.613225+00:00,239.767778,,2,0,0,SUCCESS,
0c3ee57f-1781-4921-83b1-e4fb46fc3230,e2e-0c3ee57f-21,DELETE,2025-05-08T20:37:45.640309+00:00,2025-05-08T20:41:55.187943+00:00,249.547634,,2,0,0,SUCCESS,
0c3ee57f-1781-4921-83b1-e4fb46fc3230,e2e-0c3ee57f-16,DELETE,2025-05-08T20:37:47.318328+00:00,2025-05-08T20:41:55.534865+00:00,248.216537,,2,0,0,SUCCESS,
0c3ee57f-1781-4921-83b1-e4fb46fc3230,e2e-0c3ee57f-36,DELETE,2025-05-08T20:37:51.636186+00:00,2025-05-08T20:41:55.645746+00:00,244.00956,,2,0,0,SUCCESS,
0c3ee57f-1781-4921-83b1-e4fb46fc3230,e2e-0c3ee57f-33,DELETE,2025-05-08T20:37:50.594977+00:00,2025-05-08T20:41:56.155746+00:00,245.560769,,2,0,0,SUCCESS,
0c3ee57f-1781-4921-83b1-e4fb46fc3230,e2e-0c3ee57f-20,DELETE,2025-05-08T20:37:47.414979+00:00,2025-05-08T20:41:56.383400+00:00,248.968421,,2,0,0,SUCCESS,
0c3ee57f-1781-4921-83b1-e4fb46fc3230,e2e-0c3ee57f-15,DELETE,2025-05-08T20:37:48.900077+00:00,2025-05-08T20:41:56.484279+00:00,247.584202,,2,0,0,SUCCESS,
0c3ee57f-1781-4921-83b1-e4fb46fc3230,e2e-0c3ee57f-67,DELETE,2025-05-08T20:37:58.357885+00:00,2025-05-08T20:41:56.856865+00:00,238.49898,,2,0,0,SUCCESS,
0c3ee57f-1781-4921-83b1-e4fb46fc3230,e2e-0c3ee57f-17,DELETE,2025-05-08T20:37:47.329065+00:00,2025-05-08T20:41:57.266150+00:00,249.937085,,2,0,0,SUCCESS,
0c3ee57f-1781-4921-83b1-e4fb46fc3230,e2e-0c3ee57f-6,DELETE,2025-05-08T20:37:42.955997+00:00,2025-05-08T20:41:57.925071+00:00,254.969074,,2,0,0,SUCCESS,
0c3ee57f-1781-4921-83b1-e4fb46fc3230,e2e-0c3ee57f-4,DELETE,2025-05-08T20:37:42.607676+00:00,2025-05-08T20:41:58.942599+00:00,256.334923,,2,0,0,SUCCESS,
0c3ee57f-1781-4921-83b1-e4fb46fc3230,e2e-0c3ee57f-38,DELETE,2025-05-08T20:37:53.811537+00:00,2025-05-08T20:41:59.697413+00:00,245.885876,,2,0,0,SUCCESS,
0c3ee57f-1781-4921-83b1-e4fb46fc3230,e2e-0c3ee57f-60,DELETE,2025-05-08T20:37:55.818189+00:00,2025-05-08T20:42:00.908479+00:00,245.09029,,2,0,0,SUCCESS,
0c3ee57f-1781-4921-83b1-e4fb46fc3230,e2e-0c3ee57f-9,DELETE,2025-05-08T20:37:47.844649+00:00,2025-05-08T20:42:01.216065+00:00,253.371416,,2,0,0,SUCCESS,
0c3ee57f-1781-4921-83b1-e4fb46fc3230,e2e-0c3ee57f-8,DELETE,2025-05-08T20:37:42.686559+00:00,2025-05-08T20:42:01.531011+00:00,258.844452,,2,0,0,SUCCESS,
0c3ee57f-1781-4921-83b1-e4fb46fc3230,e2e-0c3ee57f-23,DELETE,2025-05-08T20:37:48.148127+00:00,2025-05-08T20:42:02.456069+00:00,254.307942,,2,0,0,SUCCESS,
0c3ee57f-1781-4921-83b1-e4fb46fc3230,e2e-0c3ee57f-48,DELETE,2025-05-08T20:37:54.400612+00:00,2025-05-08T20:42:02.853145+00:00,248.452533,,2,0,0,SUCCESS,
0c3ee57f-1781-4921-83b1-e4fb46fc3230,e2e-0c3ee57f-45,DELETE,2025-05-08T20:37:54.129336+00:00,2025-05-08T20:42:03.348925+00:00,249.219589,,2,0,0,SUCCESS,
0c3ee57f-1781-4921-83b1-e4fb46fc3230,e2e-0c3ee57f-41,DELETE,2025-05-08T20:37:53.828470+00:00,2025-05-08T20:42:04.448477+00:00,250.620007,,2,0,0,SUCCESS,
0c3ee57f-1781-4921-83b1-e4fb46fc3230,e2e-0c3ee57f-44,DELETE,2025-05-08T20:37:55.011374+00:00,2025-05-08T20:42:05.623148+00:00,250.611774,,2,0,0,SUCCESS,
0c3ee57f-1781-4921-83b1-e4fb46fc3230,e2e-0c3ee57f-47,DELETE,2025-05-08T20:37:55.205504+00:00,2025-05-08T20:42:06.075970+00:00,250.870466,,2,0,0,SUCCESS,
0c3ee57f-1781-4921-83b1-e4fb46fc3230,e2e-0c3ee57f-27,DELETE,2025-05-08T20:37:53.862108+00:00,2025-05-08T20:42:07.740436+00:00,253.878328,,2,0,0,SUCCESS,
0c3ee57f-1781-4921-83b1-e4fb46fc3230,e2e-0c3ee57f-37,DELETE,2025-05-08T20:37:53.359793+00:00,2025-05-08T20:42:10.947024+00:00,257.587231,,2,0,0,SUCCESS,
0c3ee57f-1781-4921-83b1-e4fb46fc3230,e2e-0c3ee57f-40,DELETE,2025-05-08T20:37:53.771277+00:00,2025-05-08T20:42:11.358445+00:00,257.587168,,2,0,0,SUCCESS,
0c3ee57f-1781-4921-83b1-e4fb46fc3230,e2e-0c3ee57f-31,DELETE,2025-05-08T20:37:50.594256+00:00,2025-05-08T20:42:14.239179+00:00,263.644923,,2,0,0,SUCCESS,
0c3ee57f-1781-4921-83b1-e4fb46fc3230,e2e-0c3ee57f-55,DELETE,2025-05-08T20:37:58.385248+00:00,2025-05-08T20:42:14.492518+00:00,256.10727,,2,0,0,SUCCESS,
0c3ee57f-1781-4921-83b1-e4fb46fc3230,e2e-0c3ee57f-19,DELETE,2025-05-08T20:37:43.543939+00:00,2025-05-08T20:42:14.948195+00:00,271.404256,,2,0,0,SUCCESS,
